G,SR,I,num_replicas,PEC_consultas_media,PEC_consultas_desv,PEC_consultas_ic_inf,PEC_consultas_ic_sup,PEC_partos_nat_media,PEC_partos_nat_desv,PEC_partos_nat_ic_inf,PEC_partos_nat_ic_sup,PEC_partos_ces_media,PEC_partos_ces_desv,PEC_partos_ces_ic_inf,PEC_partos_ces_ic_sup,PEC_general_media,PEC_general_desv,PEC_general_ic_inf,PEC_general_ic_sup,UT_med_media,UT_med_desv,UT_med_ic_inf,UT_med_ic_sup,UT_Q_media,UT_Q_desv,UT_Q_ic_inf,UT_Q_ic_sup,PTOSR_promedio_media,PTOSR_promedio_desv,PTOSR_promedio_ic_inf,PTOSR_promedio_ic_sup,PPDSR_media,PPDSR_desv,PPDSR_ic_inf,PPDSR_ic_sup,PPDINC_media,PPDINC_desv,PPDINC_ic_inf,PPDINC_ic_sup,CTM_media,CTM_desv,CTM_ic_inf,CTM_ic_sup,CII_media,CII_desv,CII_ic_inf,CII_ic_sup
2,20,11,30,1.4158954698790756,0.030657382650701198,1.4044478150603623,1.4273431246977888,19.604891814196925,0.32971787158264837,19.481773137549144,19.728010490844706,35.56778176331879,0.8221891557032128,35.26077128700325,35.87479223963433,8.939582449512587,0.15708327668641467,8.88092659001581,8.998238309009364,23.90151474519012,0.19802488071694346,23.827571039499624,23.975458450880616,30.967531730452365,0.30582849891665154,30.85333349216137,31.08172996874336,5.015401723112537,0.003112261950081714,5.014239585401177,5.016563860823896,0.6294272830446819,0.08221953964735514,0.5987260023789336,0.6601285637104302,0.038197465990768766,0.04570336776256497,0.021131547997714693,0.05526338398382284,5815347905.0589,50495819.37787976,5796492456.222571,5834203353.895228,0.0,0.0,0.0,0.0
2,20,13,30,1.4041378842648282,0.031045795453068598,1.3925451937221156,1.4157305748075408,19.56991598317251,0.33585218140844264,19.444506717591004,19.695325248754017,35.42623473634001,0.7745745579410397,35.13700384302813,35.71546562965188,8.909349349027604,0.16454339944165275,8.847907833913052,8.970790864142156,23.85236903808143,0.21706697923147944,23.771314895948855,23.933423180214007,30.909926576220762,0.3522003234104116,30.778412814091126,31.041440338350398,5.015226484111941,0.0034119213592354444,5.013952451738266,5.016500516485616,0.6153755435932411,0.08001768103034373,0.5854964504473585,0.6452546367391236,0.003827018752391887,0.020961444986803145,-0.004000113440997717,0.01165415094578149,5807115780.300976,60071553.484571174,5784684693.585244,5829546867.016707,0.0,0.0,0.0,0.0
2,20,15,30,1.4110464012075714,0.02419386095523838,1.4020122650550133,1.4200805373601295,19.537013815556534,0.3290585038493934,19.414141350866732,19.659886280246337,35.246324989946224,1.0586668638959926,34.85101228618501,35.64163769370744,8.875314818114822,0.1985307222763554,8.801182228081812,8.949447408147831,23.862090724006787,0.18385468214170694,23.793438257423364,23.93074319059021,30.89604490325287,0.28719170552962436,30.788805757982086,31.003284048523657,5.016152675318318,0.0027033123162588228,5.015143241909853,5.017162108726782,0.5995402671335808,0.06157573606427729,0.5765475094117826,0.622533024855379,0.0,0.0,0.0,0.0,5803935568.134052,50905289.91365003,5784927220.486845,5822943915.78126,0.0,0.0,0.0,0.0
2,20,17,30,1.4125269449661852,0.030001576269813594,1.4013241722746206,1.42372971765775,19.559334009323113,0.3622200941223517,19.42407880332073,19.694589215325497,35.7102671274728,0.8339883370537898,35.398850764432225,36.02168349051337,8.941479582633985,0.16578842131515512,8.879573168711469,9.003385996556501,23.82611297300179,0.21796900086704493,23.744722010455003,23.90750393554858,30.852008606420267,0.3132023226164235,30.735056937108403,30.96896027573213,5.016082788394876,0.0027904280600902567,5.015040825433057,5.017124751356696,0.6102191443225825,0.07897486390845876,0.5807294454895282,0.6397088431556368,0.0,0.0,0.0,0.0,5794798972.856015,53201807.99336429,5774933091.264667,5814664854.447364,2400000.0,0.0,2400000.0,2400000.0
2,20,19,30,1.412167414136573,0.028672934575379633,1.4014607644072627,1.4228740638658832,19.603922690853647,0.2630947994023292,19.505681478207677,19.702163903499617,35.40452665009557,0.8400244785253626,35.09085635478718,35.71819694540396,8.90222098348678,0.15327241380310916,8.844988123576972,8.959453843396588,23.786372879959366,0.17206374858752108,23.722123220323184,23.85062253959555,30.78689851833042,0.28014405347860755,30.68229100958522,30.89150602707562,5.01645916494826,0.0032936458367982422,5.0152292973804915,5.017689032516028,0.5907661951609123,0.09861496837005593,0.5539427607953276,0.6275896295264971,0.0,0.0,0.0,0.0,5783688885.0417185,49755340.095064275,5765109935.713736,5802267834.369701,4800000.0,0.0,4800000.0,4800000.0
2,20,21,30,1.412827188978487,0.026705001084000486,1.4028553776915895,1.4227990002653843,19.47594347919324,0.34321224095729824,19.347785922209287,19.604101036177195,35.23285916984892,1.048322700868498,34.841409040041796,35.62430929965605,8.855386097326072,0.17345129019547226,8.790618321138473,8.920153873513671,23.81137608596065,0.18076582948646655,23.743877015914233,23.878875156007066,30.8106180903736,0.2269710260183022,30.725865716392086,30.895370464355118,5.017606606350623,0.002928948474638758,5.016512919015945,5.018700293685301,0.5741602941415425,0.08128792438894042,0.5438068843303837,0.6045137039527012,0.0,0.0,0.0,0.0,5791497728.424104,39696810.1200962,5776674695.915539,5806320760.932669,7200000.0,0.0,7200000.0,7200000.0
2,22,11,30,1.4055201178200576,0.02618222825369481,1.3957435131161267,1.4152967225239885,19.58184998567838,0.2821249147209612,19.47650281118922,19.687197160167543,35.50308814887022,0.7800596353043789,35.21180909401028,35.79436720373016,8.918531443267348,0.14161377904203565,8.865651989123545,8.97141089741115,23.831536948361954,0.21388198994924246,23.751672100772872,23.911401795951036,30.887554416585672,0.31474109929185246,30.770028158620104,31.00508067455124,4.575879314024088,0.001138169637109624,4.57545431449692,4.576304313551256,0.1858342646651696,0.04099879331676082,0.17052506364101416,0.20114346568932506,0.057133427637998085,0.06404396519709765,0.033219018011079654,0.08104783726491652,5813768556.211033,55865207.046014175,5792908145.0687895,5834628967.353276,0.0,0.0,0.0,0.0
2,22,13,30,1.4031415379795906,0.024148760392381015,1.3941242426539746,1.4121588333052066,19.519440345554177,0.3612850401908349,19.384534294428022,19.65434639668033,35.8430224572084,0.9529405297166722,35.48718861544668,36.19885629897012,8.950998478017958,0.17821284037388638,8.884452709773257,9.01754424626266,23.83467800903426,0.2049807591054516,23.75813693566695,23.91121908240157,30.88633830621717,0.286259649920614,30.779447196230585,30.993229416203754,4.575715425027945,0.0014879471660728689,4.575159816424962,4.5762710336309285,0.1858960230476707,0.05177968346791194,0.16656117148136046,0.20523087461398093,0.004897805117270339,0.01601997603659436,-0.0010841522455116983,0.010879762480052377,5813282698.469968,48511318.96888605,5795168274.264756,5831397122.6751795,0.0,0.0,0.0,0.0
2,22,15,30,1.4069962627988077,0.024682445132622445,1.3977796863160914,1.416212839281524,19.53157170720317,0.4963781208527364,19.346221070724305,19.716922343682036,35.39786414553599,1.314603778899855,34.906983027089396,35.888745263982585,8.895854190828656,0.27549660766246536,8.792982066871453,8.99872631478586,23.85456877432514,0.2411910286822454,23.764506564084193,23.94463098456609,30.9061795085,0.38135660268549526,30.763778612764014,31.048580404235985,4.575821531895515,0.0017768987704368958,4.575158026990236,4.576485036800793,0.18806505506174812,0.0555989639330723,0.16730406073174667,0.20882604939174956,0.0,0.0,0.0,0.0,5816065893.130242,65330500.29572885,5791671083.40234,5840460702.858145,0.0,0.0,0.0,0.0
2,22,17,30,1.4172374117734092,0.02679430019834423,1.4072322556492087,1.4272425678976097,19.558346742270842,0.2797516250530079,19.453885768708,19.662807715833686,35.406970075442274,0.7378315353209655,35.13145925225977,35.682480898624775,8.896364893673685,0.13367446567533026,8.846450027862657,8.946279759484712,23.835761300580202,0.17803611228326102,23.769281523689077,23.902241077471327,30.85209682810767,0.2609771446292593,30.754646360749497,30.94954729546584,4.575966635980644,0.0012847101736719185,4.57548691731784,4.576446354643449,0.18435907443314908,0.041870747116382695,0.16872428050924526,0.1999938683570529,0.0,0.0,0.0,0.0,5805619019.784073,44849324.59906397,5788872006.749327,5822366032.818819,2400000.0,0.0,2400000.0,2400000.0
2,22,19,30,1.4093878566137323,0.033310193074986075,1.3969496261029353,1.4218260871245294,19.708123827755703,0.31263776171687024,19.591382968948306,19.8248646865631,35.64557920974085,1.1355777440880401,35.22154751133246,36.069610908149244,8.953083540407873,0.20153584318962522,8.877828819784149,9.028338261031596,23.84538397141466,0.16975745738997747,23.78199549506479,23.908772447764527,30.87211384349127,0.25646672810394244,30.776347593342987,30.967880093639554,4.575412016637489,0.0012271318570250048,4.574953798071464,4.575870235203514,0.19192838554784158,0.03900482458720491,0.17736374468380606,0.2064930264118771,0.0,0.0,0.0,0.0,5809554063.529695,44875308.32096904,5792797348.013733,5826310779.045656,4800000.0,0.0,4800000.0,4800000.0
2,22,21,30,1.4130819235868683,0.03258855127609429,1.4009131585523187,1.425250688621418,19.597063254939442,0.3620468897804396,19.461872724501244,19.73225378537764,35.411988150787,1.0294492060113347,35.027585499781615,35.79639080179239,8.911372070334538,0.21040040520145548,8.832807267855923,8.989936872813153,23.826781040785217,0.2273193420975603,23.741898603442174,23.91166347812826,30.852711958904095,0.33065724117166184,30.729242515887094,30.976181401921096,4.576050939549059,0.0013828983082453887,4.575534556834248,4.5765673222638705,0.17782296646466075,0.035993683686876034,0.16438270409145134,0.19126322883787017,0.0,0.0,0.0,0.0,5805089781.415105,55269887.02090559,5784451666.423572,5825727896.406638,7200000.0,0.0,7200000.0,7200000.0
2,24,11,30,1.4017900865029536,0.026099952262576605,1.392044204159014,1.4115359688468931,19.47782772993401,0.3433147885966559,19.34963188103221,19.60602357883581,35.33255112089687,0.7878033286243448,35.038380523430085,35.62672171836366,8.86275356066265,0.16589815358074456,8.800806172038762,8.924700949286539,23.803592651406646,0.24502511890674505,23.712098768346983,23.89508653446631,30.812767905581318,0.3478860379703781,30.682865124110716,30.94267068705192,4.199144884900583,0.0011308266582569252,4.19872262728678,4.199567142514385,0.05283243402364759,0.018669148231386563,0.045861259506001215,0.05980360854129396,0.035725370152847456,0.047659589320252,0.01792898702529456,0.053521753280400354,5803837178.619512,58647546.40329692,5781937824.886715,5825736532.352308,0.0,0.0,0.0,0.0
2,24,13,30,1.4060784061296456,0.028571251055923043,1.3954097256505076,1.4167470866087837,19.559884641122753,0.38095617757937034,19.417633266578708,19.7021360156668,35.565748909258396,1.0064374594659822,35.18993898563057,35.94155883288622,8.932931632970568,0.20000633664082332,8.85824803947838,9.007615226462757,23.7948297066672,0.19267858673925795,23.722882339956886,23.866777073377516,30.839398996531756,0.2904731250515786,30.730934549074192,30.94786344398932,4.199413660192866,0.0005948531781458186,4.199191538365676,4.1996357820200565,0.05054844991363524,0.02176280555014651,0.042422084768137296,0.05867481505913318,0.0,0.0,0.0,0.0,5806898993.059366,48912804.089708894,5788634651.846222,5825163334.272511,0.0,0.0,0.0,0.0
2,24,15,30,1.410769304412028,0.02828519138628007,1.4002074403690137,1.4213311684550423,19.502547473036334,0.38448803674308196,19.358977280606393,19.646117665466274,35.415321326516995,1.0004101402658518,35.04176204086669,35.7888806121673,8.900330212400272,0.19807068942218825,8.82636940145812,8.974291023342424,23.85126371223715,0.22869265438056147,23.76586847165995,23.936658952814348,30.898041104207525,0.34779153157752307,30.76817361200398,31.02790859641107,4.199265275318193,0.0005327146442554743,4.199066356400887,4.199464194235499,0.05321086916109671,0.02174271640897453,0.04509200542419459,0.06132973289799884,0.0,0.0,0.0,0.0,5819845522.796467,61299973.790880024,5796955736.399841,5842735309.193092,0.0,0.0,0.0,0.0
2,24,17,30,1.4105286914119142,0.02306422496200354,1.4019163682715328,1.4191410145522956,19.48668101136813,0.3152237232709512,19.36897453864702,19.60438748408924,35.195046964366355,0.8513646485215324,34.87714217998951,35.5129517487432,8.84040953096897,0.16046837150513196,8.780489656293375,8.900329405644564,23.76015848515533,0.2245819524695021,23.676298205898103,23.844018764412557,30.73495446191492,0.34101988566951524,30.607615543849377,30.862293379980464,4.199609405592955,0.0006456091633922294,4.1993683311693975,4.199850480016513,0.04763786147666122,0.021605586559388854,0.039570202867127105,0.05570552008619534,0.0,0.0,0.0,0.0,5788371150.268138,60462733.93540422,5765793994.371486,5810948306.16479,2400000.0,0.0,2400000.0,2400000.0
2,24,19,30,1.4110052891509939,0.03235130698174618,1.3989251125918647,1.423085465710123,19.558958277086468,0.30014149156303166,19.4468836022411,19.671032951931835,35.18397354851951,0.9363764294688909,34.834324843440186,35.533622253598836,8.874492370617581,0.16980015226798428,8.811087951738257,8.937896789496905,23.785363837988037,0.18974157898392577,23.714513167997268,23.856214507978805,30.805343866961287,0.28940732875159697,30.697277394382674,30.9134103395399,4.199494805240607,0.00042693656582504583,4.199335384506922,4.199654225974292,0.046103555698157515,0.013761428433318606,0.040964953870598945,0.051242157525716085,0.0,0.0,0.0,0.0,5801718854.374339,49796685.843811125,5783124466.290045,5820313242.458633,4800000.0,0.0,4800000.0,4800000.0
2,24,21,30,1.411894705452419,0.025924383653609866,1.4022143815044896,1.4215750294003482,19.538415603497647,0.4023158054826287,19.388188412815655,19.68864279417964,35.5306104917346,0.7446135246434954,35.25256723211964,35.80865375134956,8.917745952866193,0.18292755944864372,8.849439679585887,8.9860522261465,23.815103700431028,0.17319687601423459,23.75043092405998,23.879776476802075,30.849172627875813,0.24754774254647163,30.756736781668348,30.941608474083278,4.199283090450543,0.0008001294392373375,4.1989843172077315,4.199581863693355,0.05250945667903183,0.021768785103022117,0.044380858731795064,0.06063805462626859,0.0,0.0,0.0,0.0,5810221965.248461,44779391.160496846,5793501065.78884,5826942864.708081,7200000.0,0.0,7200000.0,7200000.0
2,26,11,30,1.4029820619444093,0.027413944587108146,1.3927455268028366,1.413218597085982,19.601303531415102,0.35574326979734905,19.46846681136238,19.734140251467824,35.52243551007341,0.8858147024478246,35.19166686414884,35.85320415599797,8.922809436939149,0.1717787981967408,8.858666179527555,8.986952694350743,23.883963138632176,0.20448729216061998,23.807606328850355,23.960319948413996,30.944901262483636,0.30523079992660485,30.83092620866346,31.058876316303813,3.8776220741939955,0.0002945087765940244,3.877512102809486,3.877732045578505,0.00992233504780649,0.010374526633984232,0.0060484231367164245,0.013796246958896557,0.04166804019255509,0.05367753866588561,0.021624517848643214,0.06171156253646697,5827070835.77708,53219669.54040865,5807198284.574452,5846943386.979707,14000000.0,0.0,14000000.0,14000000.0
2,26,13,30,1.4150065650181214,0.029145199830294847,1.4041235685444482,1.4258895614917946,19.514731463437563,0.3738695426958679,19.375126281847983,19.654336645027144,35.69754580987884,0.8884873109121165,35.365779195552555,36.02931242420512,8.942209002809802,0.16405683385659917,8.880949174270643,9.003468831348961,23.81207401149374,0.18407225179012252,23.743340303068425,23.88080771991905,30.852848065211536,0.2425875565484518,30.76226438289519,30.94343174752788,3.8776363384224277,0.0003361462240040406,3.8775108193595367,3.8777618574853188,0.01205143188055629,0.013443061176337433,0.007031710340497332,0.01707115342061525,0.005208333333333333,0.028527216536727403,-0.00544390438610783,0.015860571052774497,5811719578.49464,42037428.14863066,5796022544.850414,5827416612.138866,14000000.0,0.0,14000000.0,14000000.0
2,26,15,30,1.4126719493471878,0.023679610267850745,1.403829837557132,1.4215140611372434,19.624329597900726,0.39429419509774866,19.47709772576313,19.77156147003832,35.548343155898934,0.9589591660004082,35.19026191841395,35.906424393383915,8.93528906773633,0.2169763448989752,8.85426876901971,9.01630936645295,23.865652078752692,0.22703556566004535,23.780875605272886,23.9504285522325,30.91267411202998,0.3461271938235522,30.783428093757404,31.041920130302554,3.877649551070573,0.0003078659924315461,3.8775345920197,3.877764510121446,0.011154292776583427,0.011282464880196422,0.006941351152560343,0.015367234400606512,0.0,0.0,0.0,0.0,5820835818.08169,60237219.94978221,5798342870.491194,5843328765.672186,14000000.0,0.0,14000000.0,14000000.0
2,26,17,30,1.407057071732446,0.026195542020250883,1.3972754955863795,1.4168386478785124,19.46930754754293,0.31957193162615505,19.349977427138082,19.588637667947776,35.60227719936937,0.8909789181130389,35.26958020362387,35.93497419511487,8.913498766122471,0.16449765633271243,8.852074331765511,8.97492320047943,23.834108976396845,0.21338145592908894,23.754431031282547,23.913786921511143,30.883141499735245,0.2829238726234341,30.777495989462288,30.988787010008203,3.8775979485011405,0.00030480308675584505,3.877484133158043,3.8777117638442378,0.011550046490535159,0.009763215734176153,0.007904401820900546,0.015195691160169772,0.0,0.0,0.0,0.0,5817470654.178177,49970855.70481338,5798811229.998946,5836130078.357408,16400000.0,0.0,16400000.0,16400000.0
2,26,19,30,1.4068018837324137,0.02608627466223266,1.3970611086883786,1.4165426587764487,19.704835178045084,0.32564993156654354,19.58323549516328,19.826434860926888,35.560446391273146,0.8019361259317378,35.26099852056222,35.859894261984074,8.936359998564178,0.14912182118686118,8.88067699540846,8.992043001719896,23.812939313684197,0.17865692784950085,23.746227720450843,23.87965090691755,30.836850666924025,0.25924783349615693,30.74004593495532,30.933655398892732,3.8775821834245305,0.0003477746291674546,3.8774523222437907,3.8777120446052704,0.013650970782046915,0.011148093583062247,0.009488204224977877,0.017813737339115954,0.0,0.0,0.0,0.0,5807358064.486143,46196883.05469504,5790107864.8544235,5824608264.117863,18800000.0,0.0,18800000.0,18800000.0
2,26,21,30,1.410760961055236,0.029611376071372552,1.3997038915123337,1.4218180305981385,19.60216193636136,0.3791161562048764,19.460597637090316,19.7437262356324,35.40709005342663,0.9701146808092436,35.04484327825333,35.769336828599926,8.904662754612989,0.17150120861225768,8.840623150855741,8.968702358370237,23.855766553459922,0.18832719398002712,23.785444023509346,23.9260890834105,30.88677311751872,0.284412962635783,30.780571571896967,30.992974663140476,3.877617644597012,0.0002203292890808479,3.877535372288362,3.8776999169056623,0.01351051843349168,0.011207708263124422,0.009325491389046555,0.0176955454779368,0.0,0.0,0.0,0.0,5816599519.668439,49607862.88146286,5798075639.237046,5835123400.099832,21200000.0,0.0,21200000.0,21200000.0
2,28,11,30,1.4080328143393024,0.018209276920026222,1.401233358591437,1.4148322700871678,19.464106000364236,0.3001738448837873,19.352019244590355,19.576192756138116,35.1373905337505,0.9610674764959296,34.7785220401883,35.496259027312696,8.83684074373119,0.1801554929726713,8.769569577084514,8.904111910377868,23.816902202948107,0.19328487544924727,23.744728444312834,23.88907596158338,30.82382941846111,0.2859384235175724,30.71705825638471,30.930600580537508,3.600966767867292,0.00011255167469238153,3.6009247403812594,3.6010087953533247,0.0013718875203405784,0.0031823296716585003,0.0001835860917559053,0.0025601889489252514,0.05099888346879163,0.06591899293898225,0.026384326976461803,0.07561343996112146,5806319312.855599,50374715.805726014,5787509084.836296,5825129540.874903,28000000.0,0.0,28000000.0,28000000.0
2,28,13,30,1.4129198370934732,0.027943786805283817,1.4024854556161201,1.4233542185708263,19.5199429375857,0.3623937435612613,19.384622889817184,19.655262985354216,35.231451486594295,1.1275123946532757,34.81043143915994,35.65247153402865,8.87159976550393,0.1996217652539741,8.79705977332761,8.94613975768025,23.807137948332116,0.1766587680544082,23.741172480228474,23.873103416435757,30.827454427212285,0.2767276787145374,30.724122613769453,30.930786240655117,3.6008392713322936,0.0001844283593619945,3.6007704046511155,3.6009081380134718,0.0037173242831590675,0.005515924007985719,0.0016576444086858657,0.005777004157632269,0.0012196609342602755,0.0066803580620217835,-0.001274825761840106,0.003714147630360657,5807639717.330316,48386799.78073844,5789571789.354102,5825707645.306529,28000000.0,0.0,28000000.0,28000000.0
2,28,15,30,1.3974760824180863,0.025761729355720547,1.3878564945831589,1.4070956702530137,19.491207164443885,0.30909390587543584,19.375789603155468,19.606624725732303,35.18967703715498,0.862356869768463,34.86766768990793,35.511686384402026,8.851078285673866,0.1581830402363132,8.792011767718574,8.910144803629159,23.7199974083287,0.21100204323642183,23.641207950515724,23.79878686614168,30.713998469074177,0.3106903425032584,30.597984788551983,30.83001214959637,3.6008961423179966,0.00015156749946429313,3.6008395460835634,3.60095273855243,0.0020075807266015373,0.0032458978156229596,0.0007955425629582128,0.003219618890244862,0.0,0.0,0.0,0.0,5786378666.947865,54790171.233367704,5765919680.775298,5806837653.120431,28000000.0,0.0,28000000.0,28000000.0
2,28,17,30,1.4032872441531845,0.022624704112307447,1.3948390407953126,1.4117354475110564,19.729658168727585,0.39437891048784557,19.58239466334345,19.87692167411172,35.579522537227454,0.8780823243592407,35.2516412087329,35.90740386572201,8.951160954427309,0.15838330014731566,8.8920196581923,9.010302250662317,23.874996192539058,0.19684861829076603,23.801491710456933,23.948500674621183,30.936717837048743,0.2866257407574406,30.82969002649708,31.043745647600407,3.600933322845971,0.00011301020579232317,3.6008911241416115,3.60097552155033,0.0017398605491992477,0.0037525103312057028,0.0003386501632788683,0.003141070935119627,0.0,0.0,0.0,0.0,5824820573.321406,49005430.900107354,5806521644.688831,5843119501.953981,30400000.0,0.0,30400000.0,30400000.0
2,28,19,30,1.4125201424431684,0.028513336228918572,1.4018730877158432,1.4231671971704936,19.468889850174648,0.36263528165036596,19.3334796106014,19.604300089747895,35.49408484337109,1.0644610259829275,35.096608563929244,35.89156112281294,8.894163958409383,0.1785030051876935,8.827509840842534,8.960818075976231,23.804226089657334,0.1907485176105801,23.73299942260403,23.875452756710636,30.81902042688988,0.30882757327173077,30.703702315830107,30.934338537949657,3.6009495531584177,0.00013218897481759873,3.600900192984009,3.6009989133328264,0.0017463031914518854,0.004370773284014821,0.0001142296248223978,0.003378376758081373,0.0,0.0,0.0,0.0,5807142815.254965,52875910.440203086,5787398625.809921,5826887004.700008,32800000.0,0.0,32800000.0,32800000.0
2,28,21,30,1.3988413929101442,0.025894152229166918,1.3891723575616248,1.4085104282586636,19.648837233821276,0.3715899525137548,19.51008326519499,19.78759120244756,35.51546003580548,0.8915574202628055,35.18254702380713,35.84837304780383,8.922773932074396,0.17484595749543463,8.857485378558254,8.988062485590538,23.830302506746694,0.17907056092104923,23.76343646038606,23.897168553107328,30.854760505793216,0.2435751807098713,30.76380803855419,30.945712973032244,3.600878545598102,0.00017847925131418948,3.600811900350377,3.600945190845827,0.002729539326281808,0.00435836174410453,0.0011021003048214408,0.004356978347742175,0.0,0.0,0.0,0.0,5809828740.949596,40878169.679860346,5794564581.531697,5825092900.367496,35200000.0,0.0,35200000.0,35200000.0
2,30,11,30,1.411194062597082,0.031453516908015615,1.3994491263610043,1.4229389988331598,19.611861235693603,0.32088991595775784,19.492038971851184,19.73168349953602,35.56812591360046,1.0126660084973733,35.189990211541215,35.94626161565971,8.921651476551693,0.17003510069732455,8.85815932648703,8.985143626616356,23.826468820807214,0.1763882527838625,23.76060436476568,23.89233327684875,30.84335789179194,0.2522912478398763,30.749150791598172,30.937564991985706,3.3609231611042225,0.00012780962539234457,3.3608754362057645,3.3609708860026806,0.0002470233684106516,0.0013530027110942298,-0.0002581961469622802,0.0007522428837835834,0.03856034172962803,0.0373808459360792,0.024602104459886975,0.052518578999369084,5808045739.563739,44531155.39239637,5791417532.86329,5824673946.264188,42000000.0,0.0,42000000.0,42000000.0
2,30,13,30,1.408011931231978,0.02666721843499026,1.398054228218084,1.4179696342458723,19.549620235624435,0.37914420598039944,19.408045462395076,19.691195008853793,35.308036139170795,0.9228751240546131,34.96342890438741,35.65264337395418,8.88171226648714,0.18584477079270503,8.812316688588743,8.951107844385538,23.841577630177962,0.1697513800616793,23.778191423139774,23.90496383721615,30.869346902521198,0.2592559775912042,30.77253912949742,30.966154675544974,3.3609185223195213,9.120618368332856e-05,3.3608844653708236,3.360952579268219,0.0003760414283378212,0.0011474222673734597,-5.241308775232197e-05,0.0008044959444279643,0.002442002442002442,0.013375398229674386,-0.0025524533385413994,0.0074364582225462834,5814013313.02613,43961077.779114984,5797597976.804908,5830428649.247352,42000000.0,0.0,42000000.0,42000000.0
2,30,15,30,1.4041569593939087,0.029621820201433377,1.3930959899487485,1.415217928839069,19.532968033166068,0.3209597840695746,19.413119680141932,19.652816386190203,35.06432327546052,0.7373363726590901,34.788997349054654,35.33964920186638,8.840605042728336,0.1474568792641138,8.785543739103918,8.895666346352755,23.79292376979162,0.22624221503708733,23.708443538303026,23.877404001280215,30.79778834159869,0.29859113746217725,30.686292578488732,30.909284104708647,3.3609206441508452,0.00011972649282370223,3.3608759375436925,3.360965350757998,0.0003674579260674653,0.0020126499504121635,-0.00038407791656232195,0.0011189937686972525,0.0,0.0,0.0,0.0,5800919127.10043,50458920.658083566,5782077456.472511,5819760797.728348,42000000.0,0.0,42000000.0,42000000.0
2,30,17,30,1.407500942801441,0.03151247020758614,1.3957339930415213,1.4192678925613604,19.59536901348957,0.2915310535881173,19.48650952902421,19.70422849795493,35.882488850972145,0.8246594040706807,35.574555968756876,36.190421733187414,8.972665681755357,0.15089276681317412,8.91632139663491,9.029009966875805,23.826765745628204,0.2567169419780397,23.730906064083833,23.922625427172576,30.875525251209034,0.3435537494951183,30.747240172841302,31.003810329576766,3.360902573274099,0.000114330230515795,3.3608598816644077,3.3609452648837905,0.0005025378159706518,0.002752512978065059,-0.0005252674215451544,0.0015303430534864579,0.0,0.0,0.0,0.0,5814767746.074037,60035835.70854352,5792349996.595065,5837185495.553008,44400000.0,0.0,44400000.0,44400000.0
2,30,19,30,1.411691007965728,0.03460321663586974,1.3987699545223244,1.4246120614091318,19.518387816250872,0.3505691871300585,19.38748313041821,19.649292502083533,35.28574659842128,0.9848231717439865,34.918007582470494,35.65348561437206,8.879341728050427,0.19995194926677332,8.804678443137469,8.954005012963385,23.847623392660932,0.18474935009831198,23.778636851572152,23.91660993374971,30.879858353125755,0.2522538408055416,30.785665220948164,30.974051485303345,3.360928712918835,0.00010071827113007544,3.3608911040983114,3.3609663217393586,0.0002467308166790032,0.0013514003392676194,-0.000257890363220504,0.0007513519965785104,0.0,0.0,0.0,0.0,5816606499.549685,43789345.52918006,5800255289.204468,5832957709.894901,46800000.0,0.0,46800000.0,46800000.0
2,30,21,30,1.4131653194249014,0.024263673153224988,1.4041051149691945,1.4222255238806083,19.45229943836267,0.29846537101851495,19.340850637214572,19.563748239510765,35.48581253758573,0.8229257712337192,35.17852700451067,35.79309807066079,8.891270914593527,0.15600085614388626,8.833019237569882,8.949522591617171,23.831666989253097,0.23205885252542108,23.745014789631064,23.91831918887513,30.848154362172405,0.31604032643161384,30.73014296481981,30.966165759525,3.3609360760835307,7.822200572219447e-05,3.3609068675065648,3.3609652846604967,0.0,0.0,0.0,0.0,0.0,0.0,0.0,0.0,5810376408.3506975,56293143.63644989,5789356203.059442,5831396613.641953,49200000.0,0.0,49200000.0,49200000.0
3,20,11,30,0.08363754622893671,0.003950624402989578,0.0821623588328341,0.08511273362503932,19.442277363274332,0.3010761063178276,19.32985369754402,19.554701029004644,35.24726122146958,0.883304889221463,34.91742975520585,35.577092687733305,7.926874170218597,0.16507016697042787,7.865235956876155,7.988512383561039,15.88600905221898,0.12851688499715663,15.838020058684007,15.933998045753954,30.851702678976626,0.28190132443568383,30.746438994472104,30.956966363481147,5.016996032306421,0.0028059588560678636,5.015948270050075,5.018043794562768,0.5786646395888702,0.07637692249706456,0.5501450280217685,0.6071842511559719,0.038467193222060776,0.05570776710486006,0.017665571120015024,0.05926881532410653,6089536917.687435,49959326.42244131,6070881798.612994,6108192036.761876,0.0,0.0,0.0,0.0
3,20,13,30,0.08373766113982578,0.004077181553615852,0.08221521652702869,0.08526010575262287,19.475340516046607,0.33348071658995526,19.350816769981428,19.599864262111787,35.16054240054116,0.7450246705476717,34.88234561652248,35.43873918455984,7.911648064259143,0.15213437134378022,7.8548401563875405,7.968455972130746,15.868831537629129,0.12454073170536309,15.822327264134003,15.915335811124255,30.798876191838005,0.26427751113719444,30.70019334737222,30.89755903630379,5.016983820123759,0.0024678936348091537,5.016062293495655,5.017905346751863,0.5736008982999081,0.0774787644259489,0.5446698521948237,0.6025319444049926,0.005036279050349985,0.0166110918848639,-0.0011664045977108671,0.011238962698410838,6080085410.82363,45450321.82347328,6063113981.737115,6097056839.910146,0.0,0.0,0.0,0.0
3,20,15,30,0.0838119258882866,0.00430523796132556,0.08220432361332371,0.0854195281632495,19.46327071782814,0.28745653745854743,19.355932682689886,19.570608752966397,34.98637343498181,0.9479404199192628,34.6324066649029,35.34034020506071,7.897752308051171,0.16306653854936762,7.836862261856936,7.958642354245406,15.858425220065092,0.1418686658746755,15.805450589613804,15.91139985051638,30.800006526892513,0.29234915296970243,30.690841559097596,30.90917149468743,5.016911067751499,0.002558070262233586,5.015955868617323,5.017866266885675,0.582205733447224,0.07127712163637401,0.5555904188177484,0.6088210480766997,0.0,0.0,0.0,0.0,6081048486.148791,49932904.30042348,6062403233.256858,6099693739.040725,0.0,0.0,0.0,0.0
3,20,17,30,0.08298615697066232,0.004056631994322371,0.0814713856894131,0.08450092825191154,19.460687705079557,0.29807825154956524,19.349383456716826,19.57199195344229,35.348628295869304,0.8748345984607476,35.021959688155754,35.675296903582854,7.951132345890184,0.1480251360930635,7.8958588516785815,8.006405840101786,15.865091195395506,0.15521577674654258,15.807132671836671,15.92304971895434,30.82916200773592,0.3287092987895869,30.706419938358437,30.951904077113404,5.016125114985969,0.0022433441104655685,5.015287436528261,5.0169627934436765,0.5976454083190225,0.06962443536946991,0.5716472168837446,0.6236435997543003,0.0,0.0,0.0,0.0,6086147230.24801,57759945.429032795,6064579312.165996,6107715148.330024,2400000.0,0.0,2400000.0,2400000.0
3,20,19,30,0.08315695881385898,0.003995186418276531,0.08166513168778192,0.08464878593993605,19.436321859232674,0.41376336320076,19.28182008024784,19.590823638217508,35.23975646972292,0.9265289926930356,34.89378485796704,35.5857280814788,7.928791255332858,0.2023747420357166,7.853223284731884,8.004359225933833,15.892428345122228,0.12722169401201855,15.84492298384938,15.939933706395077,30.871090104294066,0.2588592413449197,30.774430475019326,30.967749733568805,5.015720030594593,0.0027399838912156777,5.014696903794994,5.016743157394191,0.622387849593817,0.0759502994927244,0.5940275416746181,0.6507481575130158,0.0,0.0,0.0,0.0,6091796659.221119,42199849.054359116,6076038976.6139555,6107554341.828282,4800000.0,0.0,4800000.0,4800000.0
3,20,21,30,0.08408617467615921,0.0035201468660417882,0.08277173023408942,0.08540061911822901,19.308124537912388,0.3892056759384397,19.16279275005589,19.453456325768887,35.17281030864103,0.866613216322689,34.849211615470466,35.4964090018116,7.899970920372481,0.18134180988936055,7.832256775708973,7.967685065035989,15.878278708305592,0.15147467175476736,15.821717136308942,15.934840280302241,30.836296941225573,0.33338806876308213,30.711807790427507,30.96078609202364,5.01694197810236,0.0035480002685565914,5.0156171330288615,5.018266823175859,0.5962332974958409,0.10242139336298904,0.5579885206787855,0.6344780743128963,0.0,0.0,0.0,0.0,6085844279.747468,57305808.67028815,6064445939.118097,6107242620.376839,7200000.0,0.0,7200000.0,7200000.0
3,22,11,30,0.08401735897875695,0.003904104850067288,0.08255954226919476,0.08547517568831914,19.540205132526005,0.3054890221673933,19.426133656936468,19.65427660811554,35.494925692970256,0.7052490283187464,35.231581377853345,35.758270008087166,7.9797690901717955,0.1424399306353967,7.92658114595314,8.032957034390451,15.926179492053581,0.11920954959690669,15.881665914673928,15.970693069433235,30.93613263406471,0.24679814971920022,30.843976690419016,31.028288577710402,4.575552146529242,0.0015755085681270404,4.574963841961389,4.576140451097095,0.203878916155441,0.039745396818594216,0.18903774107549204,0.21872009123538994,0.024437875580551542,0.0419829124056192,0.008761198449315569,0.040114552711787516,6113343719.839559,42435304.02787578,6097498116.900354,6129189322.778763,0.0,0.0,0.0,0.0
3,22,13,30,0.08394820865612489,0.003740575401091733,0.08255145484635085,0.08534496246589893,19.301162830156546,0.3610566209779692,19.16634207216623,19.43598358814686,35.342654988135564,0.7923105003300641,35.04680138509444,35.63850859117669,7.910838679317539,0.15488311889265227,7.853004372242788,7.96867298639229,15.881742687331245,0.15928989194742663,15.822262864154542,15.941222510507949,30.83479557228787,0.3266577571837642,30.712819561135817,30.956771583439924,4.575709104899877,0.0017645388159417588,4.575050215277456,4.576367994522298,0.19113225652022134,0.06342674983989853,0.1674483188953824,0.21481619414506029,0.0012489072061945797,0.0068405464906352706,-0.0013053948321877142,0.0038032092445768736,6095879718.886214,56494692.185372025,6074784254.129936,6116975183.642492,0.0,0.0,0.0,0.0
3,22,15,30,0.08405716985608752,0.0034716365731873953,0.08276083945506549,0.08535350025710955,19.49741666647304,0.36306723218829046,19.361845133918155,19.632988199027924,35.12362321091591,1.0144693915687968,34.74481411455086,35.502432307280955,7.9243121982151,0.19736696958370864,7.850614160579194,7.998010235851006,15.918292759902965,0.1245667030337316,15.871778788554446,15.964806731251484,30.917242709248576,0.27538935254535163,30.8144106350103,31.02007478348685,4.575470507469398,0.0016273480729154064,4.57486284571233,4.5760781692264665,0.19666171201345517,0.04968891930914437,0.1781075646145426,0.21521585941236773,0.0,0.0,0.0,0.0,6111087531.58043,45641492.14617135,6094044718.322253,6128130344.838607,0.0,0.0,0.0,0.0
3,22,17,30,0.08484878285950524,0.0037965054794413303,0.0834311444152461,0.08626642130376438,19.461838385282313,0.2953563290317337,19.351550519491518,19.572126251073108,35.31660498130597,1.0140483602831696,34.93795310060675,35.695256862005195,7.944828444172784,0.1642925290919413,7.883480605586344,8.006176282759224,15.890387702968889,0.1380809980784958,15.838827410916695,15.941947995021083,30.871238181383614,0.30999102233192655,30.755485631304957,30.98699073146227,4.575904661654343,0.0014600610219627646,4.575359465908701,4.576449857399986,0.1876395245338503,0.045179421893031174,0.1707692511438092,0.2045097979238914,0.0,0.0,0.0,0.0,6102244146.575888,54827571.15124325,6081771195.044472,6122717098.107304,2400000.0,0.0,2400000.0,2400000.0
3,22,19,30,0.08393089068910092,0.00453811061303716,0.08223633233690579,0.08562544904129606,19.495336000443046,0.3241700576668517,19.374288911557016,19.616383089329076,35.173861184961304,0.9311196066905415,34.826175409767266,35.52154696015534,7.943616302448659,0.17560503724493814,7.878044303895764,8.009188301001553,15.889147673909086,0.15217906204166975,15.832323078256636,15.945972269561537,30.888424204601158,0.34534804728619445,30.759469124427067,31.01737928477525,4.57581070191016,0.001329357631244661,4.575314311612707,4.576307092207613,0.18365522298607825,0.03760124829245658,0.16961468612390995,0.19769575984824656,0.0,0.0,0.0,0.0,6104670783.050572,59261615.89740517,6082542132.00028,6126799434.100864,4800000.0,0.0,4800000.0,4800000.0
3,22,21,30,0.08449681397170508,0.004511342182254038,0.08281225111583575,0.08618137682757442,19.46008242670259,0.28005589638420714,19.35550783635744,19.564657017047743,34.79755938022246,0.8862273487310177,34.46663664964343,35.128482110801485,7.868051802099616,0.1526309394178036,7.811058472661855,7.925045131537378,15.854893017241809,0.12364080153721363,15.808724783194123,15.901061251289494,30.776449921644502,0.2757331281432911,30.67348947948829,30.879410363800716,4.5758977452497485,0.0013977089713191318,4.5753758321424565,4.5764196583570405,0.19236895253621303,0.04788148487058242,0.17448971224844745,0.2102481928239786,0.0,0.0,0.0,0.0,6084508702.6675205,48082182.03976555,6066554520.825152,6102462884.509889,7200000.0,0.0,7200000.0,7200000.0
3,24,11,30,0.08451813284276462,0.003349409187947822,0.08326744289747094,0.0857688227880583,19.425237207010433,0.3202158809743257,19.305666631967217,19.54480778205365,35.16401868304892,1.2916788063851996,34.68169789002431,35.646339476073535,7.9067241181952665,0.2218136626776076,7.823897535334657,7.989550701055876,15.858442063222112,0.1128227091791218,15.816313371248954,15.90057075519527,30.78932816902436,0.2497976094083034,30.696052208723795,30.88260412932492,4.199487503479101,0.000571274527911617,4.199274186064605,4.199700820893597,0.045420931314576404,0.02036151128723389,0.03781781804625395,0.05302404458289886,0.0494880521778066,0.059513493848356476,0.027265348354914863,0.07171075600069834,6090809560.273856,44037548.04149431,6074365669.587382,6107253450.96033,0.0,0.0,0.0,0.0
3,24,13,30,0.0821433275993013,0.004288176988247095,0.08054209599638497,0.08374455920221764,19.445371151065743,0.32780856510383816,19.322965421174104,19.567776880957382,35.14962676800597,1.1022116481729214,34.73805417457194,35.56119936144,7.9091241002967925,0.20144622551265204,7.833902843463612,7.984345357129973,15.882926508160182,0.11696506385427641,15.839251035530692,15.926601980789671,30.836264876691796,0.26934417037982006,30.73569011057195,30.93683964281164,4.199383456198814,0.0007298886371277418,4.199110911302561,4.199656001095067,0.04987690455880376,0.021557901760776894,0.04182705174570142,0.0579267573719061,0.004959811766490422,0.012863266599820455,0.00015658907936196616,0.009763034453618879,6098839993.294489,45813464.83585501,6081732964.37863,6115947022.210348,0.0,0.0,0.0,0.0
3,24,15,30,0.08446729439427493,0.0046098333703696375,0.08274595432434663,0.08618863446420323,19.42129400108951,0.36892238437409647,19.28353611877679,19.55905188340223,35.21097730176478,0.9109021985364009,34.87084083084484,35.551113772684715,7.922201284276789,0.17279405058574387,7.857678925392783,7.986723643160795,15.903332312116415,0.14344080556042477,15.849770635058627,15.956893989174203,30.88451015669344,0.3073837835216562,30.76973116558653,30.99928914780035,4.199443416924662,0.0007612713542964353,4.19915915352923,4.199727680320095,0.0488345481894836,0.02523574109468481,0.039411367599089725,0.05825772877987748,0.0,0.0,0.0,0.0,6108662639.916941,53929452.12898947,6088525051.539974,6128800228.293907,0.0,0.0,0.0,0.0
3,24,17,30,0.08399568197127034,0.00399750315651065,0.0825029897609194,0.0854883741816213,19.41780368349927,0.44398574351187636,19.252016682238825,19.583590684759713,35.101173838463396,1.1116041420310752,34.68609403018327,35.51625364674352,7.893582871709939,0.2174366984787734,7.812390674141545,7.9747750692783335,15.86115657338115,0.10617266504893991,15.821511048695914,15.900802098066386,30.78806472702464,0.2213621275308844,30.70540675015878,30.8707227038905,4.199448041474119,0.0006903795456941303,4.199190249515064,4.199705833433173,0.04745763531494313,0.0254592548147954,0.03795099332981033,0.05696427730007594,0.0,0.0,0.0,0.0,6091970333.294346,39185778.52310693,6077338123.120174,6106602543.468517,2400000.0,0.0,2400000.0,2400000.0
3,24,19,30,0.08559412192400799,0.0036012559137103438,0.08424939086579215,0.08693885298222383,19.430951724215085,0.373514172429165,19.29147924006391,19.57042420836626,35.45575560680322,1.0339887258130296,35.06965787124595,35.841853342360494,7.96132594773229,0.18772841759316922,7.891227004559114,8.031424890905466,15.881695948653677,0.15661373399760428,15.823215419278371,15.940176478028983,30.858460807215806,0.35554045000947837,30.72569982131653,30.99122179311508,4.199182175403549,0.0007692381481668215,4.1988949371583955,4.1994694136487025,0.053914187718729356,0.02788159411580756,0.04350302937328829,0.06432534606417042,0.0,0.0,0.0,0.0,6102950956.326308,60335427.74563681,6080421337.342162,6125480575.310454,4800000.0,0.0,4800000.0,4800000.0
3,24,21,30,0.08353383388526486,0.0032364719641134795,0.08232531539241934,0.08474235237811038,19.479224180180815,0.4142652464001936,19.324534994929376,19.633913365432253,35.48975221446809,0.9000976643234595,35.15365022292808,35.8258542060081,7.979506343920867,0.18784765691394223,7.909362876053571,8.049649811788163,15.91060651320963,0.15581915076073527,15.852422686091137,15.968790340328125,30.91833868178838,0.34699838650583703,30.788767354821942,31.04791000875482,4.199126936345811,0.0006345261896607498,4.198890000372658,4.199363872318965,0.0550389160474487,0.021098226164862618,0.04716070892277868,0.06291712317211871,0.0,0.0,0.0,0.0,6113873282.287719,59468399.66952254,6091667416.907936,6136079147.667501,7200000.0,0.0,7200000.0,7200000.0
3,26,11,30,0.08349103727658043,0.003931985274793286,0.08202280984533013,0.08495926470783073,19.532302456539117,0.4044853251385823,19.381265153903776,19.68333975917446,35.071181081490856,0.8696346890309058,34.746454151868996,35.39590801111272,7.92396286154893,0.18791357350139282,7.853794780023366,7.994130943074495,15.91399034573353,0.11546756708303331,15.870874047588199,15.957106643878863,30.909389433833528,0.28858075203526334,30.801631610073294,31.017147257593763,3.877644156891008,0.0002709969585840112,3.87754296496363,3.8777453488183857,0.009662884762458445,0.009317716111200195,0.006183592385966475,0.013142177138950415,0.05074225337675104,0.06178790734995452,0.027670269594837118,0.07381423715866496,6112298691.192015,50934723.27235492,6093279352.948042,6131318029.435987,14000000.0,0.0,14000000.0,14000000.0
3,26,13,30,0.08348250678763054,0.003597926932841504,0.08213901879130028,0.0848259947839608,19.341651595609427,0.4615558133762345,19.169303822438366,19.51399936878049,35.05669114331722,0.9266545875904617,34.71067263365589,35.402709652978544,7.888156978046966,0.20117732334310626,7.813036130934081,7.96327782515985,15.884463380005736,0.13930134544322492,15.832447402758575,15.936479357252896,30.856570420923486,0.29281035552772516,30.747233237263114,30.965907604583858,3.877649231181023,0.00028519704653753587,3.877542736853661,3.8777557255083854,0.012078347420771407,0.011419858232266954,0.00781410227593542,0.016342592565607394,0.0012304663467454164,0.006739541743634379,-0.0012861198992650455,0.003747052592755878,6102596663.164416,50468714.07763437,6083751335.613538,6121441990.715295,14000000.0,0.0,14000000.0,14000000.0
3,26,15,30,0.08448288859555282,0.00456341165446232,0.08277888267922316,0.08618689451188248,19.42252242747278,0.3517646122419486,19.291171362567304,19.55387349237826,35.44961005656244,0.5476113860168511,35.245128604465144,35.65409150865974,7.954166159077733,0.12878137834379916,7.906078402103992,8.002253916051474,15.88948660401464,0.1243677515467844,15.843046922372265,15.935926285657017,30.860672052934227,0.2689551551772326,30.76024254747832,30.961101558390133,3.8776087892225717,0.00027210773092850414,3.8775071825259837,3.8777103959191597,0.010698646493179286,0.010428718817953719,0.00680449888803069,0.014592794098327883,0.0,0.0,0.0,0.0,6106023309.821816,46357608.0261297,6088713094.4994335,6123333525.144199,14000000.0,0.0,14000000.0,14000000.0
3,26,17,30,0.08482816502241818,0.004050091153076543,0.0833158361314297,0.08634049391340665,19.408021027402167,0.38117584286535156,19.265687628492305,19.55035442631203,35.08317478096412,0.9685786410999084,34.721501572444595,35.44484798948365,7.913270349593925,0.19625032639753812,7.839989273376304,7.986551425811546,15.881944286710938,0.1484660107839385,15.826506167184222,15.937382406237655,30.870412836800526,0.3404095137758304,30.74330183534579,30.997523838255262,3.8777336213180225,0.0002465792146203274,3.8776415471260863,3.8778256955099586,0.008592269790553728,0.009068259285982445,0.005206126123454257,0.011978413457653199,0.0,0.0,0.0,0.0,6105402374.491134,60077653.79389325,6082969009.882465,6127835739.099802,16400000.0,0.0,16400000.0,16400000.0
3,26,19,30,0.08310820497906178,0.003710991171891561,0.08172249810202234,0.08449391185610122,19.43473383017726,0.3043663517416719,19.321081566614247,19.548386093740277,35.22684731776784,1.0875769904564792,34.820739395334485,35.6329552402012,7.91707835564375,0.196103518564416,7.843852098371941,7.990304612915559,15.87528600717632,0.12831418804066422,15.827372701928804,15.923199312423838,30.825439563443535,0.3035638235708521,30.712086968824426,30.938792158062643,3.8775820155214458,0.00031553264845150044,3.8774641936941663,3.8776998373487253,0.012449755052785724,0.00956538991669843,0.008877979757406479,0.016021530348164968,0.0,0.0,0.0,0.0,6099567622.560942,53811049.413210854,6079474246.484655,6119660998.637228,18800000.0,0.0,18800000.0,18800000.0
3,26,21,30,0.08247026667558417,0.004215193063280563,0.08089628771813503,0.08404424563303331,19.374232925786437,0.3736829839071693,19.234697406393423,19.51376844517945,34.98738303872287,0.834616563972223,34.67573209189568,35.299033985550054,7.88008315811135,0.1673520521503471,7.817592874839349,7.942573441383351,15.869956419343634,0.1377565472280608,15.818517279230068,15.9213955594572,30.82451179082367,0.31483932569678974,30.70694885451571,30.942074727131633,3.8776281205448417,0.000219932472574839,3.8775459964099097,3.8777102446797738,0.011695630556853671,0.01015827773361264,0.007902467312229548,0.015488793801477795,0.0,0.0,0.0,0.0,6098602120.041702,55491504.8479588,6077881251.593533,6119322988.489872,21200000.0,0.0,21200000.0,21200000.0
3,28,11,30,0.08337066245576069,0.004540043968816686,0.08167538217665295,0.08506594273486844,19.579215762033026,0.45728433267921276,19.408462985967276,19.749968538098777,35.195084814114104,1.1788677493015145,34.75488836209871,35.635281266129496,7.951773294960741,0.2189101212844471,7.870030912274669,8.033515677646815,15.882798599146396,0.11459988521392943,15.84000629873574,15.92559089955705,30.86218885559622,0.25564560169934913,30.766729219086464,30.957648492105974,3.6009283881065475,0.00015934595866731445,3.6008688873477137,3.6009878888653812,0.0019872860812353123,0.0034934484470325686,0.0006828109926652972,0.0032917611698053276,0.028518368833596305,0.039891522080830834,0.013622629683992825,0.043414107983199786,6103326204.751021,44255755.09049367,6086800834.213367,6119851575.288675,28000000.0,0.0,28000000.0,28000000.0
3,28,13,30,0.08424655827866863,0.003993996514445297,0.08275517546998429,0.08573794108735297,19.467123922679313,0.26225423819449434,19.369196580746667,19.56505126461196,34.96076660871954,0.9338065843106068,34.612077499592836,35.30945571784624,7.896377020985682,0.1695373842107886,7.833070721311458,7.959683320659906,15.887619704101498,0.1354988267340861,15.837023610675468,15.938215797527528,30.857464071787604,0.28918502927479195,30.749480607197825,30.965447536377383,3.6009027014962283,0.00016506629561146958,3.600841064728475,3.6009643382639815,0.002107842574778661,0.004324025183039706,0.0004932250359350684,0.0037224601136222535,0.002457651571552518,0.009356368437737229,-0.0010360738208683596,0.0059513769639733954,6103503650.050467,49699016.46331213,6084945732.312224,6122061567.788709,28000000.0,0.0,28000000.0,28000000.0
3,28,15,30,0.08449478718493444,0.0043039969057490236,0.08288764832773989,0.086101926042129,19.411163080058234,0.3911427545127648,19.2651079751747,19.557218184941767,35.12957218641307,1.0215650976445834,34.7481135098547,35.511030862971445,7.905859939495063,0.1889433117107174,7.835307347402882,7.976412531587243,15.864161797554102,0.10342727241222356,15.825541419327227,15.902782175780978,30.80365533341111,0.23048698849900476,30.717590077462688,30.889720589359534,3.6009159978132748,0.00013142142726696977,3.6008669242458318,3.6009650713807178,0.0021181409429426425,0.0038759778201070054,0.0006708270389764041,0.0035654548469088807,0.0,0.0,0.0,0.0,6097218223.444989,41434765.30629744,6081746227.804486,6112690219.085492,28000000.0,0.0,28000000.0,28000000.0
3,28,17,30,0.08315543215307473,0.0037801182216379466,0.08174391281144401,0.08456695149470546,19.400161234366877,0.26978341001416495,19.29942245347206,19.500900015261692,35.28686777931035,0.9130558525515071,34.945927120764715,35.62780843785598,7.921440568590575,0.15210025046689848,7.8646454016637914,7.978235735517359,15.872781852779248,0.1462587547780299,15.818167936190534,15.927395769367962,30.81140010122181,0.3185204798411707,30.69246259936598,30.93033760307764,3.600893059288158,0.0001962655277987832,3.600819772535644,3.6009663460406722,0.0021195036177109527,0.003200534656226592,0.0009244043361689676,0.0033146028992529376,0.0,0.0,0.0,0.0,6095757907.35237,55353379.877464496,6075088615.615823,6116427199.088918,30400000.0,0.0,30400000.0,30400000.0
3,28,19,30,0.08431858242567224,0.0046579202621205565,0.08257928641526652,0.08605787843607796,19.43769824623499,0.3675905898447568,19.300437664172428,19.574958828297554,35.38976886693817,0.7837410476920109,35.09711515010075,35.68242258377559,7.937887737197844,0.16819747092052828,7.875081769368927,8.00069370502676,15.88246004254876,0.12487769331281678,15.835829945521558,15.92909013957596,30.82823913270661,0.2779206622651722,30.724461851884918,30.932016413528302,3.6009091753710027,0.00014706333337887776,3.600854261019827,3.6009640897221784,0.003350335239040426,0.0040712715780199206,0.0018300974473989546,0.0048705730306818976,0.0,0.0,0.0,0.0,6097766404.858837,48513146.593987316,6079651298.207197,6115881511.510477,32800000.0,0.0,32800000.0,32800000.0
3,28,21,30,0.08371495114489974,0.0044046064525445966,0.08207024406551526,0.08535965822428422,19.539322474593423,0.34720404804711463,19.409674352345377,19.66897059684147,35.04031463465358,0.909915034235171,34.700546776941714,35.38008249236545,7.914634974043981,0.18580277526751912,7.8452550775324035,7.9840148705555585,15.836829988825729,0.1605596117018464,15.776876044500762,15.896783933150695,30.749896851851943,0.3622999131325695,30.614611840941315,30.885181862762572,3.600846004014311,0.0002702762232124194,3.6007450812139434,3.6009469268146783,0.003350955592258008,0.005282783694185256,0.0013783317416836078,0.005323579442832408,0.0,0.0,0.0,0.0,6086584984.788847,64170291.90041703,6062623403.995672,6110546565.582022,35200000.0,0.0,35200000.0,35200000.0
3,30,11,30,0.08405310295987316,0.0038921864027741206,0.08259973667167086,0.08550646924807545,19.370524491869123,0.3700257311262142,19.232354613108193,19.508694370630053,35.222586893873505,0.8156650711235692,34.91801255077673,35.52716123697028,7.923816493776821,0.1550462693839229,7.865921265307414,7.981711722246227,15.880953868054656,0.10469707173810608,15.841859338967044,15.920048397142267,30.857626012205074,0.23535412452586044,30.769743337795788,30.94550868661436,3.3609345236021535,0.00011034755631333076,3.3608933191474497,3.3609757280568573,0.0004967170149735315,0.0016174895235275195,-0.00010726349925357936,0.0011006975292006424,0.041016388825627456,0.06424456662327555,0.017027073395131768,0.06500570425612315,6105179266.628366,40592444.8819736,6090021798.603422,6120336734.653311,42000000.0,0.0,42000000.0,42000000.0
3,30,13,30,0.08528163852068897,0.0038940683553348875,0.0838275694998514,0.08673570754152654,19.36365523166376,0.30886787621747896,19.24832207123671,19.47898839209081,35.187210914941836,0.9300295256135949,34.83993218271149,35.53448964717218,7.916659406166756,0.17613055695998522,7.850891175327276,7.982427637006237,15.889082254476984,0.12938935760086867,15.84076747431763,15.937397034636337,30.882158749981862,0.3078030508237458,30.76722320189141,30.997094298072312,3.360919519942652,0.00015460002338081802,3.3608617913451786,3.3609772485401255,0.00024954445212622717,0.0009496938040371566,-0.00010507704234239144,0.0006041659465948457,0.004992355586965189,0.021391466038139025,-0.002995349105928401,0.012980060279858778,6109623069.629012,53408433.420725025,6089680032.835077,6129566106.422947,42000000.0,0.0,42000000.0,42000000.0
3,30,15,30,0.08314866555429674,0.0031102346577024636,0.08198728484635291,0.08431004626224058,19.53724204894562,0.378260881990523,19.395997114314827,19.678486983576416,35.07419049851663,0.7511891804882219,34.79369184865604,35.35468914837722,7.928704483208534,0.14967179775888576,7.872816115425749,7.984592850991319,15.903286521152712,0.11732629171068935,15.85947616382487,15.947096878480554,30.902904987683932,0.26196067401584505,30.80508726441713,31.000722710950736,3.360907615528985,0.00018063718861092626,3.360840164494231,3.3609750665637392,0.0,0.0,0.0,0.0,0.002585983966899405,0.01416401752017497,-0.002702947096283173,0.007874915030081983,6111782420.5203705,47866470.78784217,6093908786.583238,6129656054.457503,42000000.0,0.0,42000000.0,42000000.0
3,30,17,30,0.08460299760322329,0.003722071865192729,0.08321315312730566,0.08599284207914092,19.423972004438177,0.39475313929036454,19.27656875972263,19.571375249153725,35.15941920489615,0.9004143839843459,34.823198948291136,35.49563946150117,7.919452329539842,0.19059487762280825,7.848283032600826,7.990621626478858,15.89727080624012,0.09433830427382324,15.862044304492922,15.932497307987319,30.883318718845057,0.22176548414630648,30.800510126143696,30.96612731154642,3.360924291649241,7.933037723857688e-05,3.3608946691995487,3.3609539140989333,0.0003728666091873383,0.0011377404235135345,-5.1972646990375076e-05,0.0007977058653650517,0.0,0.0,0.0,0.0,6110389498.764803,37751125.56586942,6096292996.808982,6124486000.720624,44400000.0,0.0,44400000.0,44400000.0
3,30,19,30,0.08355950508702965,0.004078400938500225,0.08203660514843368,0.08508240502562563,19.47146857751312,0.3481301831427739,19.34147463073689,19.601462524289353,35.26455608842826,1.058170358000022,34.869428783015536,35.65968339384098,7.939773056434826,0.1961535872895637,7.8665281031937875,8.013018009675864,15.85758999888127,0.15491011028992013,15.79974561305314,15.9154343847094,30.813429847480332,0.33580842202778294,30.688036921920105,30.93882277304056,3.360914594646333,8.417776585115375e-05,3.3608831621519855,3.36094602714068,0.0002479566551127249,0.0009436308077467916,-0.00010440087933392983,0.0006003141895593796,0.0,0.0,0.0,0.0,6098441455.192617,58755496.10220747,6076501792.3797865,6120381118.005448,46800000.0,0.0,46800000.0,46800000.0
3,30,21,30,0.08415921755323166,0.0031852242992523954,0.0829698352529398,0.08534859985352353,19.4670311116841,0.32484204049820253,19.34573310028505,19.588329123083152,35.23336040891159,0.9969046738807072,34.861110085921695,35.60561073190148,7.93148725483118,0.18618319184045237,7.861965308436744,8.001009201225616,15.885518659042791,0.1304535863494184,15.836806489337816,15.934230828747767,30.853366181017233,0.2900663027283637,30.745053643511728,30.961678718522737,3.360937729425131,8.669511138451646e-05,3.360905356938513,3.360970101911749,0.0,0.0,0.0,0.0,0.0,0.0,0.0,0.0,6103079278.873221,47953079.15382002,6085173304.840738,6120985252.9057045,49200000.0,0.0,49200000.0,49200000.0
4,20,11,30,0.004371283646114121,0.0006648912182485287,0.0041230091849435505,0.004619558107284691,19.377601555757572,0.3330114044954035,19.253253053708555,19.50195005780659,35.26291094986452,0.8111285457815355,34.96003057317002,35.565791326559015,7.876137868829584,0.1315372308031773,7.827021059635511,7.9252546780236575,11.907596107118907,0.07420370702633901,11.879887987545072,11.935304226692743,30.85379993107878,0.223187465419547,30.770460361843632,30.937139500313926,5.016292258786139,0.003036551891048013,5.015158391675437,5.017426125896841,0.590455490320279,0.09245774766421214,0.5559311999516303,0.6249797806889277,0.05603403489297913,0.06460722591735175,0.03190930025652303,0.08015876952943524,6382445358.609026,38570716.248594455,6368042816.462646,6396847900.755406,0.0,0.0,0.0,0.0
4,20,13,30,0.004516987889294077,0.0008805703244896201,0.004188177526282581,0.004845798252305572,19.340076003081318,0.2965869610674119,19.22932861173631,19.450823394426326,35.2016537332888,0.8982531782139866,34.86624048418123,35.53706698239637,7.857841710169992,0.1661369787338848,7.795805142768309,7.919878277571675,11.916245523895027,0.0977822563354284,11.879733029313325,11.952758018476729,30.878950620632406,0.30119680970868784,30.76648188351522,30.991419357749592,5.016787784007917,0.0029269732538931346,5.015694834232787,5.0178807337830476,0.5762752833504667,0.09053078950317688,0.5424705309844248,0.6100800357165087,0.004921711039961034,0.0211856442235665,-0.0029891385242924876,0.012832560604214557,6387651866.438203,52695919.1747764,6367974886.836232,6407328846.040174,0.0,0.0,0.0,0.0
4,20,15,30,0.004454429682231535,0.0007538930152072856,0.004172921403894067,0.004735937960569004,19.50037397627078,0.3775013373594701,19.359412660266365,19.641335292275194,34.98285998345504,0.7767331317714976,34.69282306542823,35.27289690148186,7.852224545372413,0.15554052032846158,7.794144760567217,7.910304330177608,11.933330376620212,0.08622101956385067,11.90113491879753,11.965525834442895,30.91336738023173,0.253070064361126,30.818869465169517,31.007865295293943,5.01707954917738,0.0030859509817393583,5.015927236143064,5.018231862211696,0.5862004057317509,0.09333036380089386,0.5513502751426311,0.6210505363208707,0.002575991756826378,0.014109287931611694,-0.0026925029421244265,0.007844486455777183,6392430222.847179,45970325.70370346,6375264621.120648,6409595824.57371,0.0,0.0,0.0,0.0
4,20,17,30,0.004394851819546072,0.0006473112960139409,0.004153141809221627,0.004636561829870516,19.43133483624903,0.4028389201385425,19.28091231134429,19.581757361153766,35.22326092536536,0.9914115305631728,34.85306177580033,35.59346007493039,7.8717997276929585,0.2041283656097194,7.795576943287888,7.948022512098029,11.912305347893065,0.06845539146885678,11.886743684624417,11.937867011161714,30.85419694800737,0.21721925059306624,30.773085946813925,30.935307949200816,5.015265386919069,0.0038168411382146538,5.013840155015028,5.016690618823109,0.6190367973383658,0.10033005872770885,0.5815729377081388,0.6565006569685928,0.0,0.0,0.0,0.0,6382850276.727759,36440608.01185257,6369243130.068937,6396457423.386581,2400000.0,0.0,2400000.0,2400000.0
4,20,19,30,0.004398462460905798,0.0007942918414485129,0.0041018690129320315,0.004695055908879564,19.488636217323492,0.3760582766618032,19.3482137490393,19.629058685607685,35.330313198850334,1.1107977735021561,34.915534493527396,35.74509190417327,7.896300526063905,0.20316488622823844,7.82043751077252,7.9721635413552905,11.897516342588323,0.10778831366981002,11.85726752479321,11.937765160383437,30.82437288892554,0.3148301537703394,30.7068133774712,30.941932400379883,5.016144706050129,0.003082094526553193,5.014993833039846,5.017295579060413,0.6087893665952288,0.09337587034183305,0.5739222435844596,0.6436564896059979,0.0,0.0,0.0,0.0,6377821603.679121,55099451.16997418,6357247130.480249,6398396076.877993,4800000.0,0.0,4800000.0,4800000.0
4,20,21,30,0.004767119266984698,0.0006652026100799211,0.00451872853019335,0.005015510003776045,19.47045647121137,0.2758571013874248,19.367449736685003,19.57346320573774,35.27551238413564,0.9295144952095551,34.92842596741878,35.622598800852494,7.881971962230987,0.17007155962153578,7.8184661981802845,7.94547772628169,11.915929715584703,0.10301641700289163,11.877462753288992,11.954396677880414,30.8605898639029,0.30095662094923503,30.748210814742475,30.972968913063323,5.016090543018251,0.002953535412661299,5.014987674770031,5.017193411266471,0.5981118476738253,0.09336799790084048,0.5632476642808341,0.6329760310668165,0.0,0.0,0.0,0.0,6382985858.682074,50567872.49008832,6364103504.771474,6401868212.592673,7200000.0,0.0,7200000.0,7200000.0
4,22,11,30,0.004551383510937476,0.0006156129201701859,0.004321509868678354,0.004781257153196598,19.421084682493998,0.3296992302277812,19.297972966642522,19.544196398345473,35.19101419533922,0.9692155510891106,34.82910316072116,35.55292522995728,7.8620018399454015,0.16945291994758135,7.798727079745396,7.925276600145407,11.900537661389642,0.10260519852967731,11.862224250595377,11.938851072183907,30.82344636916934,0.29613935557123844,30.71286611646345,30.93402662187523,4.575927630562585,0.0013575671345193029,4.575420706663495,4.576434554461676,0.18363294848419676,0.04743049991947466,0.16592210874476035,0.20134378822363316,0.03613279012165545,0.04235657346689064,0.020316585657073175,0.05194899458623772,6386048983.682432,52733052.418801,6366358138.299265,6405739829.065599,0.0,0.0,0.0,0.0
4,22,13,30,0.00454917262576343,0.0006273057646719246,0.0043149328036112015,0.004783412447915659,19.40313199550302,0.40560677938087275,19.251675934971512,19.55458805603453,35.212243296604896,0.8144702592104179,34.908115103608765,35.51637148960103,7.869091453220141,0.17745012530914428,7.802830487461212,7.935352418979069,11.912809248776034,0.10033581723179824,11.87534323888504,11.950275258667027,30.86331276154404,0.31147426400876477,30.747006359920956,30.979619163167126,4.5755636519598095,0.001481724533697159,4.575010366925942,4.576116936993677,0.1915627051941075,0.04751400839202237,0.1738206828785505,0.20930472750966453,0.0012377769525931427,0.0067795835809526675,-0.0012937611611990377,0.003769315066385323,6391420522.161157,52444410.21307499,6371837457.548935,6411003586.773378,0.0,0.0,0.0,0.0
4,22,15,30,0.004346988294029052,0.0006967790829860547,0.0040868067084773784,0.004607169879580726,19.38029444470027,0.3370386764304648,19.254442134596307,19.50614675480423,35.26976806196598,0.753717573966481,34.988325294464474,35.55121082946749,7.86570166219254,0.13009713979640797,7.817122591817885,7.914280732567196,11.887531761190825,0.0801883405890177,11.857588942718436,11.917474579663214,30.79085699491389,0.23653098909373438,30.702534872052826,30.879179117774957,4.575880562544522,0.0013925822397397353,4.575360563790262,4.576400561298781,0.18853757201255067,0.048114839734904984,0.17057119558640468,0.20650394843869666,0.0,0.0,0.0,0.0,6379388169.590616,40128870.49892152,6364403803.085148,6394372536.096085,0.0,0.0,0.0,0.0
4,22,17,30,0.004636585698679488,0.0005571703581939061,0.004428534867710175,0.004844636529648801,19.41168319505818,0.3191545729865238,19.2925089189306,19.53085747118576,35.34456274223168,0.9969862518202153,34.972281957538556,35.716843526924805,7.889101991571703,0.16504598103232476,7.827472809406972,7.950731173736434,11.905503819851328,0.09194160233825063,11.871172261314852,11.939835378387803,30.852805633440095,0.27518255995686364,30.7500507768234,30.95556049005679,4.575760777429925,0.0015334199480819754,4.575188189011084,4.5763333658487655,0.18941457922810392,0.05032592181772538,0.1706225711833569,0.20820658727285093,0.0,0.0,0.0,0.0,6391345610.272846,48963317.426213615,6373062407.069863,6409628813.475829,2400000.0,0.0,2400000.0,2400000.0
4,22,19,30,0.004473956943662273,0.000843115509051858,0.004159132438586379,0.004788781448738166,19.273004968287626,0.31398280444825927,19.15576186227013,19.390248074305124,34.66906905036153,0.968598005891215,34.30738861091009,35.03074948981297,7.760579396841536,0.1719666409450272,7.696365997794986,7.8247927958880865,11.854380392261055,0.09294415877408198,11.819674472998994,11.889086311523116,30.679846318809446,0.25846032561890897,30.583335647114847,30.776356990504045,4.576243279744771,0.0014433624081150603,4.575704319364015,4.576782240125527,0.17188702989588858,0.03694948888848051,0.15808986399485475,0.1856841957969224,0.0,0.0,0.0,0.0,6359652600.030802,43978955.89975055,6343230588.009621,6376074612.051983,4800000.0,0.0,4800000.0,4800000.0
4,22,21,30,0.004478364820947254,0.0007537805555977563,0.004196898535718122,0.004759831106176386,19.425359214920274,0.33286092728983363,19.30106690198326,19.54965152785729,35.452847915721165,1.1056560950063719,35.03998914470179,35.86570668674054,7.90129125596436,0.17738212627114097,7.835055681463516,7.9675268304652045,11.948571294023788,0.11556512950052042,11.905418565473049,11.991724022574527,30.945946020983545,0.3320629414164253,30.821951680868708,31.069940361098382,4.575761580340453,0.0011031242044979698,4.575349666992887,4.576173493688019,0.19291757965393372,0.039059225725409,0.17833262507104616,0.20750253423682127,0.0,0.0,0.0,0.0,6407594168.918815,56494646.210742734,6386498721.329745,6428689616.507884,7200000.0,0.0,7200000.0,7200000.0
4,24,11,30,0.004456604371722225,0.0007214830623973197,0.004187198168656039,0.004726010574788411,19.3545230891781,0.34925802425658004,19.224107999608684,19.48493817874752,35.07836820987211,0.8955157356716252,34.743977138608884,35.41275928113534,7.849765433266952,0.17702098910310488,7.783664709600863,7.91586615693304,11.901355471706562,0.09609889486729245,11.865471554627444,11.937239388785681,30.83391208686944,0.2983532369153955,30.72250515728359,30.94531901645529,4.199479446724864,0.0007295381564659521,4.199207032700241,4.199751860749488,0.04571293224023132,0.021913569765680124,0.037530270811449606,0.05389559366901303,0.04807434281992295,0.056662030004908354,0.02691639309491858,0.06923229254492731,6394679273.580503,53291407.10847082,6374779935.129726,6414578612.0312805,0.0,0.0,0.0,0.0
4,24,13,30,0.004337730500159292,0.0006094917114028765,0.0041101425548182614,0.004565318445500323,19.35916780692198,0.37282708010793886,19.219951887260073,19.49838372658389,35.2273652545157,0.7057017785993807,34.96385187966559,35.49087862936582,7.8648199930529215,0.14224795525464679,7.811703733619545,7.917936252486298,11.9330693236763,0.08918488283219633,11.899767141120705,11.966371506231894,30.907250550619192,0.2609868653762085,30.809796453474455,31.00470464776393,4.199476061616176,0.0005380609734697782,4.199275146346732,4.19967697688562,0.04741771015275311,0.020869749015654925,0.03962481779770625,0.05521060250779997,0.006179527712816085,0.019631012226121056,-0.001150812723190806,0.013509868148822976,6404041180.304869,46241762.622883275,6386774222.366973,6421308138.242764,0.0,0.0,0.0,0.0
4,24,15,30,0.004548994594372745,0.000577357104409559,0.004333405908485329,0.004764583280260162,19.355666236364925,0.35101935585780436,19.224593454766747,19.486739017963103,35.11860420680198,0.8820469658373563,34.78924245684945,35.447965956754516,7.839036749215686,0.1798356918203921,7.771884998281813,7.906188500149559,11.89760148685512,0.1120778854559353,11.855750916631003,11.939452057079237,30.802094330468318,0.3037677493590766,30.688665588708442,30.915523072228194,4.199130335316737,0.0006513189095565854,4.198887128838923,4.199373541794552,0.05774921424851769,0.021971898650213654,0.0495447724563009,0.06595365604073448,0.0012423903590508137,0.006804852248790733,-0.0012985832303798023,0.0037833639484814298,6385949974.961692,54072569.47597666,6365758945.689083,6406141004.234301,0.0,0.0,0.0,0.0
4,24,17,30,0.004552313949474065,0.0010654848131878437,0.0041544553816071665,0.0049501725173409636,19.35262556911562,0.3516665279256533,19.221311129495767,19.483940008735473,35.13864437511709,0.9741065712229175,34.774907003566064,35.502381746668114,7.854316590521706,0.18416796989635478,7.785547140368126,7.923086040675286,11.93297834470508,0.13181626523708675,11.883757342341019,11.982199347069143,30.923710607109847,0.364216044064507,30.787710101150402,31.05971111306929,4.199434364348943,0.0006224483187001964,4.199201938326926,4.19966679037096,0.05200565316628598,0.021495359578071815,0.04397915398801196,0.06003215234456,0.0,0.0,0.0,0.0,6407263294.43171,64911258.59258378,6383025032.128548,6431501556.734873,2400000.0,0.0,2400000.0,2400000.0
4,24,19,30,0.004340213217159093,0.0005800013850586318,0.0041236371406500015,0.004556789293668184,19.3219879197889,0.3915677170238,19.175774131295853,19.468201708281946,35.11653392666757,1.005233720533828,34.741173486544064,35.49189436679108,7.845401138992218,0.20437452965618885,7.7690864354215465,7.921715842562889,11.89666515648953,0.08958126186168029,11.863214963571844,11.930115349407215,30.827036711859176,0.2834814878261681,30.72118298464757,30.932890439070782,4.199424275090108,0.000636572181658516,4.1991865751309865,4.199661975049229,0.05198753475118291,0.027385231321742375,0.041761721319104175,0.062213348183261644,0.0,0.0,0.0,0.0,6391777796.246312,48584156.51722178,6373636174.053565,6409919418.439059,4800000.0,0.0,4800000.0,4800000.0
4,24,21,30,0.004372553567064123,0.0007226157712885851,0.004102724403546777,0.004642382730581468,19.408739600479624,0.3630279915080337,19.273182720635557,19.54429648032369,35.15207986278597,0.8113938190863131,34.84910043141155,35.455059294160385,7.865130591368937,0.1723960152790837,7.800756861311084,7.92950432142679,11.898018024122804,0.11197116383826655,11.856207304405649,11.939828743839959,30.81948194374035,0.3289134825184055,30.696663630905498,30.9423002565752,4.199334651717332,0.0005700767414073232,4.199121781563668,4.199547521870996,0.05542020259087512,0.019586789118318276,0.0481063753347083,0.06273402984704193,0.0,0.0,0.0,0.0,6387852763.07574,58630463.62776474,6365959788.15616,6409745737.995319,7200000.0,0.0,7200000.0,7200000.0
4,26,11,30,0.004543559518555466,0.0005205107986064784,0.004349197592106948,0.004737921445003984,19.44243582473031,0.33242435743574245,19.318306529655935,19.566565119804686,35.096766837451376,0.9229136732616098,34.75214520815753,35.441388466745224,7.844862866660332,0.17623163271634265,7.77905689351315,7.910668839807514,11.914337590542024,0.10203304495199268,11.876237825404834,11.952437355679214,30.84686168565935,0.32432491749434517,30.725756771163397,30.9679666001553,3.8776421817925777,0.0002655314878501237,3.877543030705512,3.8777413328796433,0.011201049823180488,0.010356830463822209,0.007333745770626038,0.015068353875734939,0.028672369819799193,0.03758564354483982,0.01463765986615354,0.042707079773444845,6393031588.665318,57943206.29541698,6371395239.851169,6414667937.479466,14000000.0,0.0,14000000.0,14000000.0
4,26,13,30,0.004664480678381307,0.000835070933634146,0.004352660067134001,0.0049763012896286134,19.411726535162025,0.30565113932679594,19.297594524030295,19.525858546293755,35.05777661326963,0.7795180113880809,34.76669980410385,35.34885342243541,7.839481628895479,0.1432657665172547,7.785985312490583,7.892977945300375,11.928112341661144,0.09365623751804696,11.893140527826231,11.963084155496057,30.881484341433005,0.24840364986778576,30.788728894179265,30.974239788686745,3.8775789201091944,0.0003317782190457105,3.87745503208616,3.877702808132229,0.012032833213450398,0.010888274273329043,0.007967084781083992,0.016098581645816804,0.0062791010057995185,0.020051589502410594,-0.001208285566154892,0.013766487577753929,6401539179.447866,44954971.580578394,6384752717.181892,6418325641.7138405,14000000.0,0.0,14000000.0,14000000.0
4,26,15,30,0.004252856953898527,0.0007790024530711286,0.003961972657372154,0.0045437412504249,19.36988025260871,0.37640883980322565,19.22932688189619,19.51043362332123,34.87987236107814,0.7335718592202602,34.60595212709225,35.15379259506403,7.79824016537118,0.1127125523206703,7.756152606644973,7.840327724097387,11.893508644280002,0.07523952025882434,11.865413745688622,11.921603542871383,30.759376578833628,0.22350581975252612,30.675918134136886,30.84283502353037,3.8775281086792557,0.00044061688013058913,3.877363579632256,3.8776926377262555,0.012994070438461302,0.011623269181906627,0.008653870396746068,0.017334270480176536,0.0,0.0,0.0,0.0,6378290129.779767,40074780.565601915,6363325960.787337,6393254298.772197,14000000.0,0.0,14000000.0,14000000.0
4,26,17,30,0.004428201858448273,0.0005572775125405257,0.0042201110153883515,0.004636292701508195,19.41217608413445,0.4297837187266855,19.251692206083188,19.572659962185714,35.16700392608837,0.8613161604783546,34.84538318607683,35.48862466609991,7.85164082360735,0.16910638774480388,7.788495460658446,7.914786186556254,11.909102440848926,0.09774975272399294,11.8726020833152,11.945602798382652,30.82666536920994,0.28686208338541797,30.71954930687061,30.93378143154927,3.8776394687998144,0.00028317099420624556,3.877533731012826,3.8777452065868028,0.011961024675971587,0.010486380006013088,0.008045346029348859,0.015876703322594315,0.0,0.0,0.0,0.0,6391023625.979647,50939249.2301919,6372002597.715242,6410044654.244051,16400000.0,0.0,16400000.0,16400000.0
4,26,19,30,0.004311619861027525,0.0008597897074043978,0.003990569107961272,0.004632670614093779,19.507493531943357,0.33192866406381855,19.38354933181601,19.631437732070705,35.28608562167719,0.9435855153556015,34.93374499968735,35.63842624366703,7.892086292701554,0.17294525182904746,7.8275074743454125,7.956665111057695,11.914490455260585,0.10708777549522,11.874503222718896,11.954477687802274,30.86028436403352,0.2987051338040626,30.748746033989935,30.971822694077108,3.877609621197267,0.00025970038319193085,3.8775126474804646,3.8777065949140694,0.010933509082645797,0.008932422374143647,0.007598087752025203,0.014268930413266392,0.0,0.0,0.0,0.0,6396602688.620736,52128092.32525952,6377137739.048991,6416067638.192481,18800000.0,0.0,18800000.0,18800000.0
4,26,21,30,0.004347165451109887,0.0006522666294760869,0.004103605088860995,0.00459072581335878,19.57742226370404,0.33189772382228694,19.453489616852753,19.701354910555327,35.272908025855614,0.7609453049844775,34.98876637923715,35.55704967247408,7.89398834291657,0.14725809285809321,7.839001267356064,7.948975418477076,11.933340914880205,0.09622945849412869,11.897408244541587,11.969273585218822,30.902309839105264,0.28795236647104294,30.79478665837096,31.00983301983957,3.8775332765042028,0.00036266722872273173,3.877397854335397,3.8776686986730087,0.015260675451257647,0.012296733012865615,0.010668999882177708,0.019852351020337587,0.0,0.0,0.0,0.0,6404643605.436152,49917001.3202755,6386004290.814599,6423282920.057706,21200000.0,0.0,21200000.0,21200000.0
4,28,11,30,0.004454443360304946,0.0007746253692351666,0.004165193493744026,0.004743693226865867,19.37575488387421,0.30792813101277017,19.260772630073593,19.49073713767483,35.40246147146343,0.8015063774061448,35.10317407148922,35.701748871437644,7.889129933655638,0.14594774633037957,7.83463214952986,7.943627717781416,11.932827022057038,0.06916228589504829,11.907001400071609,11.958652644042468,30.918694379419243,0.23734670665061655,30.830067662616578,31.007321096221908,3.600922575177468,0.00015289371260166195,3.6008654837269107,3.6009796666280254,0.001987256177977257,0.0030427041396235283,0.000851091779902557,0.0031234205760519566,0.0432934374139794,0.04615523309319601,0.026058790133479476,0.06052808469447933,6408537099.7497,43019707.06464076,6392473277.130227,6424600922.369172,28000000.0,0.0,28000000.0,28000000.0
4,28,13,30,0.004506182038050999,0.0006149179471924461,0.004276567902966646,0.004735796173135352,19.419095309015116,0.2968298264825582,19.308257230233686,19.529933387796547,35.03640923429358,0.813686479499213,34.73257370945148,35.34024475913568,7.843341272612654,0.15055486338785612,7.787123162704851,7.899559382520457,11.904614724353669,0.09256207275254957,11.870051478356817,11.93917797035052,30.83048928361307,0.2794383930523247,30.72614527280151,30.934833294424628,3.600928401968464,0.00011841216659317617,3.6008841861387912,3.6009726177981367,0.0017364636825824122,0.0025307499768488124,0.0007914661106266463,0.0026814612545381783,0.0,0.0,0.0,0.0,6391358410.522521,49434079.23754046,6372899421.970237,6409817399.074805,28000000.0,0.0,28000000.0,28000000.0
4,28,15,30,0.004333569150754799,0.0005634118417620806,0.004123187711518654,0.004543950589990944,19.471025186922066,0.30340821889529174,19.35773069604372,19.584319677800412,35.59871603270208,0.9085649799332969,35.25945229355148,35.937979771852675,7.938206662829949,0.16166021814362447,7.877841745305466,7.998571580354432,11.937088493804339,0.0943827580669265,11.901845392737993,11.972331594870685,30.942021377355662,0.2636586689371027,30.843569612365076,31.040473142346247,3.600929626800182,0.00015173939581836018,3.600872966378595,3.6009862872217684,0.0023577107738720292,0.005493038164700786,0.00030657661372630526,0.004408844934017753,0.0,0.0,0.0,0.0,6412733388.694518,46056333.193424,6395535671.243518,6429931106.145518,28000000.0,0.0,28000000.0,28000000.0
4,28,17,30,0.004457842588847179,0.0006666017745539108,0.004208929395454909,0.004706755782239449,19.507001558129854,0.26637895035090314,19.407534023365645,19.606469092894063,35.17245789174178,0.9020074337850633,34.83564278056501,35.50927300291855,7.885947018764499,0.1436393738256506,7.83231119509791,7.939582842431088,11.888161554405904,0.07793761891505578,11.859059169218709,11.9172639395931,30.80202325815463,0.22720719248041713,30.717182698166862,30.8868638181424,3.6009355437314117,0.00010992846593457882,3.600894495767627,3.600976591695196,0.0007467395564938956,0.0018099231543384907,7.090314360332561e-05,0.0014225759693844656,0.0,0.0,0.0,0.0,6389040260.820132,40843757.29149596,6373788951.199229,6404291570.441035,30400000.0,0.0,30400000.0,30400000.0
4,28,19,30,0.0045499071985613945,0.0006640802384708234,0.004301935562216606,0.004797878834906183,19.44874178161552,0.37071111026448983,19.31031597807835,19.58716758515269,34.97247260449792,0.9148346662700532,34.63086772599364,35.31407748300221,7.840217641222332,0.16458950097374178,7.778758911512783,7.901676370931881,11.901505690330136,0.08219401855749603,11.870813939395958,11.932197441264314,30.825985468127815,0.22286355404326702,30.74276684938834,30.90920408686729,3.6009349976298166,0.00012620397663748966,3.600887872290457,3.6009821229691763,0.0019924086586252153,0.00363969696947805,0.0006333234742822529,0.0033514938429681776,0.0,0.0,0.0,0.0,6391878292.923476,38601756.1490403,6377464160.287785,6406292425.559168,32800000.0,0.0,32800000.0,32800000.0
4,28,21,30,0.004508767629706548,0.0009517852222884729,0.004153365186828359,0.004864170072584736,19.454719474200413,0.3022113106745543,19.341871916196826,19.567567032204,35.150123020901994,0.7066682990142391,34.88624874139767,35.413997300406315,7.866401058255935,0.13254473198525718,7.816908041937682,7.9158940745741875,11.914980989166107,0.0842736800396667,11.883512679872107,11.946449298460108,30.87077318653509,0.22912971496818044,30.785214744852336,30.956331628217843,3.60093433096139,0.00013385819856140302,3.600884347488592,3.600984314434188,0.0018580773397980706,0.004548761898742092,0.00015954173215634686,0.0035566129474397944,0.0,0.0,0.0,0.0,6400403938.753564,42089947.40715932,6384687294.095905,6416120583.411222,35200000.0,0.0,35200000.0,35200000.0
4,30,11,30,0.004455611877423775,0.0007409980542243639,0.0041789186566505866,0.004732305098196964,19.378543501093176,0.3104903605326517,19.26260449506605,19.494482507120303,34.942663824120196,0.8557073789218355,34.623137437561596,35.262190210678796,7.8066052976618385,0.14000719642362222,7.754325751326961,7.858884843996716,11.902780137891083,0.10317855464093123,11.864252632406329,11.941307643375838,30.795078589506193,0.2848452226806505,30.68871563533101,30.901441543681376,3.3609259899851622,5.873442689730174e-05,3.36090405818972,3.3609479217806046,0.0004968416171019661,0.0012883938377857948,1.574745151143044e-05,0.0009779357826925018,0.050509944978305264,0.05225479688068879,0.030997683148008052,0.07002220680860248,6386471864.167191,50439259.24230661,6367637535.23258,6405306193.101801,42000000.0,0.0,42000000.0,42000000.0
4,30,13,30,0.004547127521448365,0.0007382633086692777,0.0042714554714479176,0.004822799571448813,19.371113358349856,0.30464084986022893,19.257358595504844,19.484868121194868,34.83101243909166,0.86763702525924,34.507031449381316,35.154993428802,7.790817614712834,0.16896348821945262,7.727725611323636,7.8539096181020325,11.88965571785729,0.08250854585798327,11.85884652049893,11.920464915215648,30.762875048120343,0.2623100606446394,30.664926861742245,30.86082323449844,3.3609354506224847,7.101236079410221e-05,3.3609089341711784,3.360961967073791,0.00012463854821019045,0.0006826734438941647,-0.000130275905141677,0.0003795530015620579,0.002449682402996244,0.009323590360323175,-0.0010318034541670937,0.005931168260159582,6380385217.340927,45936539.43657141,6363232231.613881,6397538203.067973,42000000.0,0.0,42000000.0,42000000.0
4,30,15,30,0.004576443392722325,0.0006752526774839725,0.004324299899087471,0.004828586886357178,19.47142108819668,0.3176488255879246,19.352809067388147,19.590033109005216,34.947147818025236,1.006747272001487,34.571222208495406,35.323073427555066,7.850539017701502,0.17964951917553923,7.783456784775714,7.91762125062729,11.900467422399574,0.07841608605324725,11.87118637464674,11.929748470152408,30.828366285678886,0.228564983853499,30.74301871805997,30.9137138532978,3.360928945886413,0.00010006065372742027,3.360891582624263,3.360966309148563,0.0,0.0,0.0,0.0,0.0,0.0,0.0,0.0,6391629371.219617,42160216.78618047,6375886487.544605,6407372254.894629,42000000.0,0.0,42000000.0,42000000.0
4,30,17,30,0.00447270576327453,0.0006399929090326988,0.004233728483560052,0.004711683042989008,19.352680425980378,0.39868441507679037,19.20380921876089,19.501551633199863,35.28180669616317,1.0693407483116033,34.88250829845812,35.681105093868226,7.860836033618435,0.1857976033532832,7.791458068331372,7.930213998905498,11.904490586038639,0.07448504746571394,11.876677412218223,11.932303759859055,30.81957335099226,0.2256137030739573,30.735327809727725,30.903818892256798,3.3609312052016507,0.0001504468777680652,3.360875027414236,3.3609873829890655,0.0006236693966409777,0.0022185505644345465,-0.00020475099882702832,0.0014520897921089838,0.0,0.0,0.0,0.0,6390320752.981607,38305459.35116209,6376017259.388546,6404624246.574669,44400000.0,0.0,44400000.0,44400000.0
4,30,19,30,0.004634986584537066,0.0008338301432921264,0.0043236292920179,0.004946343877056232,19.36691432865068,0.3058145736230065,19.252721290149786,19.481107367151573,34.831667735327976,0.9931539330090441,34.46081796199696,35.20251750865899,7.80002031621468,0.17415221080857907,7.734990811968767,7.865049820460594,11.908944362801025,0.09745036291681174,11.872555799258583,11.945332926343466,30.81847049390664,0.253613880378006,30.72376951460646,30.913171473206823,3.360957783016238,8.779923596577286e-05,3.3609249982427256,3.3609905677897505,0.00025116070743109125,0.0009558337023462407,-0.00010575346274521009,0.0006080748776073926,0.0,0.0,0.0,0.0,6390242179.99146,45819060.48531204,6373133061.625753,6407351298.357166,46800000.0,0.0,46800000.0,46800000.0
4,30,21,30,0.004411089624245352,0.0006579015999847921,0.004165425129428057,0.004656754119062646,19.479226549547807,0.3737114903230904,19.33968038568415,19.618772713411463,35.0984944820171,1.188809754910063,34.654585624095795,35.54240333993841,7.860844427910129,0.2211020316421086,7.778283572445282,7.943405283374975,11.90536725969088,0.07263129148233251,11.878246289730711,11.93248822965105,30.834521358858122,0.22913699600517784,30.748960198391472,30.920082519324772,3.3609288017653496,5.996976877064449e-05,3.3609064086856706,3.3609511948450286,0.00012461990927670603,0.0006825713542509921,-0.00013025642317590142,0.0003794962417293135,0.0,0.0,0.0,0.0,6393654100.16261,39607587.59995586,6378864383.890602,6408443816.434618,49200000.0,0.0,49200000.0,49200000.0
